Laura,6.75
Laisbo,7.500682083
Tobias,8.0234209
